id,obj1,obj2,kg,stdunits,km,workhours
0,209204.463,2425840.770000034,1668960.0,370879.99999998277,1196093.1000000045,121292.0385000017
1,205904.463,2401639.7522222036,1668390.0,370753.33333331614,742752.3299999819,120081.98761111019
2,211004.463,2395608.32888888,1668105.0,370689.9999999828,875932.1399999682,119780.416444444
